{"cameraMode":{"drawMode":0,"name":"Shaded","section":"Shading Mode"},"sceneLighting":true,"audioPlay":false,"sceneViewState":{"m_AlwaysRefresh":false,"showFog":true,"showSkybox":true,"showFlares":true,"showImageEffects":true,"showParticleSystems":true,"showVisualEffectGraphs":true,"m_FxEnabled":true},"in2DMode":false,"pivot":{"x":-0.04247405380010605,"y":0.5073075294494629,"z":-1.2159065008163453},"rotation":{"x":-0.2779395282268524,"y":0.13175249099731446,"z":-0.038510724902153018,"w":-0.950753927230835},"size":0.649539589881897,"orthographic":false}